{
  "resources": [
    {
      "id": "1",
      "title": "Algebra Fundamentals Workbook",
      "description": "A comprehensive guide to algebra basics with practice problems and solutions.",
      "subject": "Mathematics",
      "grade": "8-10",
      "type": "Workbook",
      "file_url": "#",
      "created_at": "2023-01-15T12:00:00Z",
      "updated_at": "2023-01-15T12:00:00Z",
      "download_count": 42,
      "author": "John Doe",
      "tags": ["algebra", "mathematics", "practice"]
    },
    {
      "id": "2",
      "title": "Chemistry Lab Guide",
      "description": "Step-by-step instructions for common high school chemistry experiments.",
      "subject": "Chemistry",
      "grade": "11-12",
      "type": "Guide",
      "file_url": "#",
      "created_at": "2023-02-20T10:30:00Z",
      "updated_at": "2023-02-20T10:30:00Z",
      "download_count": 38,
      "author": "Jane Smith",
      "tags": ["chemistry", "experiments", "lab"]
    },
    {
      "id": "3",
      "title": "English Literature Essay Examples",
      "description": "Model essays analyzing classic works of literature for high school students.",
      "subject": "English",
      "grade": "9-12",
      "type": "Essay Collection",
      "file_url": "#",
      "created_at": "2023-03-10T09:15:00Z",
      "updated_at": "2023-03-10T09:15:00Z",
      "download_count": 56,
      "author": "Emily Johnson",
      "tags": ["english", "literature", "essays"]
    },
    {
      "id": "4",
      "title": "Physics Problem Solving Techniques",
      "description": "Advanced methods for solving complex physics problems with examples.",
      "subject": "Physics",
      "grade": "11-12",
      "type": "Study Guide",
      "file_url": "#",
      "created_at": "2023-04-05T14:20:00Z",
      "updated_at": "2023-04-05T14:20:00Z",
      "download_count": 27,
      "author": "Robert Chen",
      "tags": ["physics", "problem-solving", "advanced"]
    },
    {
      "id": "5",
      "title": "Biology Revision Notes",
      "description": "Comprehensive revision notes covering the high school biology curriculum.",
      "subject": "Biology",
      "grade": "9-10",
      "type": "Notes",
      "file_url": "#",
      "created_at": "2023-05-12T11:45:00Z",
      "updated_at": "2023-05-12T11:45:00Z",
      "download_count": 72,
      "author": "Sarah Williams",
      "tags": ["biology", "revision", "notes"]
    },
    {
      "id": "placeholder",
      "title": "Sample Resource",
      "description": "This is a placeholder resource for static generation of dynamic routes.",
      "subject": "General",
      "grade": "All",
      "type": "Sample",
      "file_url": "#",
      "created_at": "2023-01-01T00:00:00Z",
      "updated_at": "2023-01-01T00:00:00Z",
      "download_count": 0,
      "author": "Admin",
      "tags": ["sample", "placeholder"]
    }
  ]
} 